"Name","Edition","Quantity"
"Aesi, Tyrant of Gyre Strait","CMR","1"
"Acidic Slime","CMR","1"
"Arcane Denial","CMR","1"
"Avenger of Zendikar","CMR","1"
"Beast Within","C20","1"
"Blighted Woodland","CMR","1"
"Coiling Oracle","CMR","1"
"Command Tower","CMR","2"
"Compulsive Research","CMR","1"
"Coral Atoll","CMR","1"
"Counterspell","6ED","1"
"Cultivate","PLST","1"
"Elder Deep-Fiend","CMR","1"
"Eternal Witness","CMR","1"
"Evolving Wilds","C19","1"
"Explore","CMR","1"
"Fact or Fiction","C19","1"
"Fathom Mage","CMR","1"
"Forest","IKO","15"
"Growth Spiral","RNA","1"
"Harmonize","C19","1"
"Into the Roil","ZNR","1"
"Ior Ruin Expedition","CMR","1"
"Island","IKO","15"
"Jungle Basin","CMR","1"
"Khalni Heart Expedition","CMR","1"
"Kodama's Reach","C20","1"
"Meloku the Clouded Mirror","CMR","1"
"Memorial to Genius","CMR","1"
"Meteor Golem","CMR","1"
"Molimo, Maro-Sorcerer","CMR","1"
"Mulldrifter","C20","1"
"Murkfiend Liege","CMR","1"
"Nezahal, Primal Tide","CMR","1"
"Peel from Reality","RAV","1"
"Rampaging Baloths","ZNC","1"
"Rampant Growth","TMP","1"
"Ramunap Excavator","CMR","1"
"Reclamation Sage","CMR","1"
"Reliquary Tower","PLG20","1"
"Retreat to Kazandu","CMR","1"
"Scourge of Fleets","ZNC","2"
"Search for Tomorrow","CMR","1"
"Seer's Sundial","ZNC","1"
"Sharktocrab","RNA","1"
"Shipbreaker Kraken","CMR","1"
"Simic Charm","CMR","1"
"Simic Growth Chamber","C19","1"
"Simic Guildgate","RNA","1"
"Simic Signet","DIS","1"
"Simic Sky Swallower","IMA","1"
"Slinn Voda, the Rising Deep","CMR","1"
"Sol Ring","LEA","1"
"Sphinx of Uthuun","C14","1"
"Spitting Image","CMR","1"
"Sporemound","CMR","1"
"Stormtide Leviathan","CMR","1"
"Stumpsquall Hydra","CMR","1"
"Swiftfoot Boots","CMR","1"
"Terastodon","2XM","1"
"Terramorphic Expanse","CMR","1"
"Thornwood Falls","M21","1"
"Trench Behemoth","CMR","1"
"Tromokratis","CMR","1"
"Urban Evolution","UMA","1"
"Verdant Sun's Avatar","CMR","1"
"Vivid Creek","CMR","1"
"Vivid Grove","CMR","1"
"Whelming Wave","CMR","1"
"Wickerbough Elder","CMR","1"
"Woodland Stream","C19","1"
"Yavimaya Elder","ZNC","1"
"Omo, Queen of Vesuva","M3C","1"
"Acidic Slime","M3C","1"
"Aggressive Biomancy","M3C","1"
"Apex Devastator","M3C","1"
"Arcane Denial","M3C","1"
"Arcane Signet","M3C","1"
"Avenger of Zendikar","M3C","1"
"Basilisk Gate","M3C","1"
"Beast Within","M3C","1"
"Blast Zone","M3C","1"
"Chromatic Lantern","M3C","1"
"Cloudpost","M3C","1"
"Command Tower","M3C","1"
"Copy Land","M3C","1"
"Curse of the Swine","M3C","1"
"Dark Depths","M3C","1"
"Desert of the Indomitable","M3C","2"
"Desert of the Mindful","M3C","1"
"Desert Warfare","M3C","1"
"Dreamroot Cascade","M3C","1"
"Drown in Dreams","M3C","1"
"Dryad of the Ilysian Grove","M3C","1"
"Elvish Rejuvenator","M3C","1"
"Eureka Moment","M3C","1"
"Evacuation","M3C","1"
"Expedition Map","M3C","1"
"Finale of Revelation","M3C","1"
"Flooded Grove","M3C","1"
"Floriferous Vinewall","M3C","1"
"Fog Bank","M3C","1"
"Forest","MH3","4"
"Glimmerpost","M3C","1"
"Growth Spiral","M3C","1"
"Harmonize","M3C","1"
"Hashep Oasis","M3C","1"
"Hidden Cataract","M3C","1"
"Hidden Nursery","M3C","1"
"Horizon of Progress","M3C","1"
"Hour of Promise","M3C","1"
"Hydra Broodmaster","M3C","2"
"Hydroid Krasis","M3C","1"
"Island","MH3","3"
"Jyoti, Moag Ancient","M3C","1"
"Lair of the Hydra","M3C","1"
"Lazotep Quarry","M3C","1"
"Lumbering Falls","M3C","1"
"Lush Oasis","M3C","1"
"Magus of the Candelabra","M3C","1"
"Mana Reflection","M3C","1"
"March from Velis Vel","M3C","1"
"Mirage Mirror","M3C","1"
"Nissa, Steward of Elements","M3C","1"
"Oblivion Stone","M3C","1"
"Overflowing Basin","M3C","1"
"Planar Nexus","M3C","1"
"Poison Dart Frog","M3C","1"
"Pongify","M3C","1"
"Propaganda","M3C","1"
"Quandrix Campus","M3C","1"
"Rampaging Baloths","M3C","1"
"Rampant Frogantua","M3C","1"
"Ramunap Excavator","M3C","1"
"Replication Technique","M3C","1"
"Sage of the Maze","M3C","1"
"Satyr Wayfinder","M3C","1"
"Scute Swarm","M3C","1"
"Seer's Sundial","M3C","1"
"Simic Growth Chamber","M3C","1"
"Simic Guildgate","M3C","1"
"Skullwinder","M3C","2"
"Sol Ring","M3C","1"
"Summary Dismissal","M3C","1"
"Sunken Palace","M3C","1"
"Sylvan Scrying","M3C","1"
"Talon Gates of Madara","M3C","1"
"Tatyova, Benthic Druid","M3C","1"
"Temple of Mystery","M3C","1"
"Terastodon","M3C","1"
"Thespian's Stage","M3C","1"
"Thornwood Falls","M3C","1"
"Treasure Cruise","M3C","1"
"Trenchpost","M3C","1"
"Ulvenwald Hydra","M3C","1"
"Urban Evolution","M3C","1"
"Uro, Titan of Nature's Wrath","M3C","1"
"Urza's Mine","M3C","1"
"Urza's Power Plant","M3C","1"
"Urza's Tower","M3C","1"
"Vesuva","M3C","1"
"Vineglimmer Snarl","M3C","1"
"Vivien Reid","M3C","1"
"Volatile Fault","M3C","1"
"Wonderscape Sage","M3C","1"
"Yavimaya Coast","M3C","1"
"Yavimaya, Cradle of Growth","M3C","1"
"Chaos Warp","MOC","1"
"Feldon of the Third Path","MOC","1"
"Island","MOM","2"
"Flamerush Rider","MOC","1"
"Swamp","MOM","1"
"Flameshadow Conjuring","MOC","1"
"Arcane Signet","MOC","1"
"Izzet Signet","MOC","1"
"Mind Stone","MOC","1"
"Wayfarer's Bauble","MOC","1"
"Command Tower","MOC","1"
"Sunken Hollow","MOC","1"
"Hate Mirage","ONC","1"
"Offer Immortality","ONE","4"
"Thrill of Possibility","ONE","1"
"Exotic Orchard","ONC","1"
"Darkslick Shores","PONE","1"
"Fact or Fiction","DMR","1"
"Frantic Search","DMR","2"
"Last Chance","CDMR","1"
"Diluvian Primordial","SCD","1"
"Overseer of the Damned","SCD","1"
"Sepulchral Primordial","SCD","1"
"Blasphemous Act","SCD","1"
"Lightning Greaves","SCD","1"
"Smoldering Marsh","SCD","1"
"Swiftfoot Boots","BRR","1"
"Dimir Signet","BRC","1"
"Underground River","PBRO","1"
"Talisman of Creativity","40K","1"
"Crumbling Necropolis","40K","1"
"Etali, Primal Storm","DCM","1"
"Sulfurous Springs","PREDMU","1"
"Island","DMU","6"
"Twinflame","2X2","1"
"Izzet Charm","2X2","1"
"Firemind Vessel","2X2","1"
"Aether Gale","DCLB","1"
"Hex","DCLB","1"
"Puppeteer Clique","DCLB","1"
"Myriad Landscape","DCLB","1"
"Identity Thief","SNCC","1"
"Terminate","SNCC","1"
"Mimic Vat","SNCC","1"
"Mountain","CMH2","7"
"Shivan Reef","C21","1"
"Prismatic Lens","TSR","1"
"Disdainful Stroke","KHM","1"
"Amphin Mutineer","CMR","1"
"Rakshasa Debaser","CMR","1"
"Araumi of the Dead Tide","CMR","1"
"Obeka, Brute Chronologist","CMR","1"
"Zara, Renegade Recruiter","CMR","1"
"Sky Diamond","CMR","1"
"Into the Roil","DCMR","1"
"Negate","ZNR","1"
"Jwar Isle Refuge","ZNC","1"
"Everflowing Chalice","2XM","1"
"Discontinuity","M21","1"
"Rain of Revelation","M21","1"
"Swamp","M21","3"
"Dismal Backwater","IKO","1"
"Cauldron Dance","MB1","1"
"Sundial of the Infinite","FMB1","1"
"Purphoros, Bronze-Blooded","PTHB","1"
"Cinder Barrens","C19","1"
"Meteor Golem","M20","1"
"Swiftwater Cliffs","M20","1"
"Ilharg, the Raze-Boar","WAR","1"
"Mirror March","RNA","1"
"Macabre Mockery","RNA","1"
"Rakdos Guildgate","RNA","1"
"Apprentice Necromancer","UMA","1"
"Dimir Guildgate","GRN","1"
"Izzet Guildgate","GRN","1"
"Akoum Refuge","C18","1"
"Highland Lake","M19","1"
"Submerged Boneyard","M19","1"
"Blink of an Eye","DOM","1"
"Unwind","DOM","2"
"Mountain","RIX","2"
"Glorious End","AKH","1"
"Epiphany at the Drownyard","SOI","1"
"Displacement Wave","ORI","1"
"Avaricious Dragon","ORI","1"
"Mulldrifter","MM2","1"
"Bloodfell Caves","FRF","1"
"Wake the Dead","C14","1"
"Voidwalk","GTC","2"
"Molten Primordial","GTC","1"
"Faithless Looting","DKA","1"
"Anger","CMD","1"
"Gruesome Encore","MBS","1"
"Minion Reflector","ALA","1"
"Treacherous Urge","PLC","1"
"Rakdos Signet","DIS","2"
"Ideas Unbound","SOK","1"
"Footsteps of the Goryo","SOK","1"
"Windfall","USG","1"
"Crashing Drawbridge","DCMM","1"
"Relic of Sauron","LTC","1"
"Dusk // Dawn","LTC","1"
"Scourge of the Throne","LTC","1"
"Cultivate","LTC","1"
"Sting, the Glinting Dagger","LTR","1"
"Flooded Grove","LTC","1"
"Sulfur Falls","LTC","1"
"Sunpetal Grove","LTC","1"
"Jin-Gitaxias, Core Augur","MUL","1"
"Tetsuko Umezawa, Fugitive","MUL","2"
"Fell the Mighty","MOC","1"
"Plains","MOM","3"
"Choked Estuary","MOC","2"
"Gavony Township","MOC","1"
"Flawless Maneuver","ONC","1"
"Generous Gift","ONC","1"
"Fellwar Stone","ONC","1"
"Sol Ring","ONC","1"
"Canopy Vista","ONC","1"
"Command Tower","ONC","1"
"Temple of the False God","ONC","1"
"Phyrexian Arena","PONE","1"
"Wall of Junk","DMR","1"
"Hinterland Harbor","DMR","1"
"Sneak Attack","CDMR","1"
"Brash Taunter","SCD","1"
"Skycloud Expanse","BRC","1"
"Brushland","BRO","1"
"Fell the Mighty","40K","1"
"Wingmantle Chaplain","DMU","1"
"Shield-Wall Sentinel","DMU","1"
"Walking Bulwark","DMU","1"
"Forest","DMU","2"
"Forest","DMU","2"
"Forest","DMU","1"
"Wall of Omens","2X2","1"
"Warrior's Oath","2X2","1"
"Sedris, the Traitor King","2X2","1"
"Slaughter the Strong","CLB","1"
"Stoneskin","CLB","1"
"Firbolg Flutist","CLB","1"
"Nature's Lore","CLB","2"
"Blade of Selves","CLB","1"
"Sol Ring","DCLB","3"
"Solemn Simulacrum","DCLB","1"
"An Offer You Can't Refuse","SNC","1"
"Weathered Sentinels","SNCC","1"
"Spara's Headquarters","PSNC","1"
"Overgrown Battlement","SNCC","1"
"Xander's Lounge","CSNC","1"
"Foreboding Ruins","SNCC","1"
"Faithbound Judge // Sinner's Judgment","VOW","1"
"Welcoming Vampire","VOW","1"
"Wall of Mourning","MIC","1"
"Unnatural Growth","MID","1"
"Deserted Beach","MID","1"
"Robe of Stars","AFC","1"
"Flumph","AFR","1"
"Imprisoned in the Moon","AFC","1"
"Nimbus Maze","AFC","1"
"Counterspell","MH2","1"
"Darksteel Mutation","C21","1"
"Access Tunnel","STX","1"
"Thallid Shell-Dweller","TSR","1"
"Arcades, the Strategist","TSRT","1"
"Mystic Reflection","KHM","1"
"Hellkite Courser","CMR","1"
"Three Visits","CMR","1"
"Command Beacon","CMR","1"
"Rejuvenating Springs","CMR","1"
"Towering Titan","JMP","1"
"Assault Formation","JMP","1"
"Wall of Blossoms","JMP","1"
"Broodbirth Viper","PLIST","1"
"Wall of Denial","PLIST","1"
"Sejiri Shelter // Sejiri Glacier","ZNR","1"
"Charix, the Raging Isle","ZNR","1"
"Glasspool Mimic // Glasspool Shore","ZNR","1"
"Jwari Disruption // Jwari Ruins","ZNR","1"
"Bala Ged Recovery // Bala Ged Sanctuary","ZNR","1"
"Turntimber Symbiosis // Turntimber, Serpentine Wood","ZNR","1"
"Aura Shards","PLIST","1"
"Wall of Runes","M21","1"
"Thought Vessel","PLGS","1"
"Sun Titan","C20","1"
"Izzet Boilerworks","C20","1"
"Wargate","MB1","1"
"Crystal Shard","MB1","1"
"Eater of Days","MB1","1"
"Wall of Shards","FMB1","1"
"Idyllic Tutor","THB","1"
"Riptide Turtle","THB","1"
"Clackbridge Troll","ELD","1"
"Wishclaw Talisman","ELD","1"
"Sudden Substitution","C19","1"
"Wall of Stolen Identity","C19","1"
"Road of Return","C19","1"
"Yavimaya Coast","C19","1"
"Tale's End","M20","1"
"Lotus Field","PM20","1"
"Reprobation","MH1","1"
"Tribute Mage","MH1","1"
"Hall of Heliod's Generosity","MH1","1"
"Dovin's Veto","WAR","1"
"Resolute Watchdog","RNA","1"
"Wall of Lost Thoughts","RNA","1"
"Guardian Project","RNA","1"
"Saruli Caretaker","RNA","1"
"Tower Defense","RNA","1"
"High Alert","RNA","1"
"Blood Crypt","RNA","1"
"Dimir Aqueduct","GK1","1"
"Portcullis Vine","GRN","1"
"Watery Grave","GRN","1"
"Myth Unbound","C18","1"
"Rakdos Carnarium","C18","1"
"Suspicious Bookcase","M19","1"
"Mystical Tutor","SS1","1"
"Sea of Clouds","BBD","1"
"Tree of Redemption","A25","1"
"Jungle Barrier","E02","1"
"Mnemonic Wall","IMA","1"
"Carven Caryatid","IMA","1"
"Jaddi Offshoot","IMA","1"
"Wall of Roots","IMA","2"
"Dragonskull Summit","XLN","1"
"Wall of Frost","MM3","1"
"Sidar Kondo of Jamuraa","C16","1"
"Torrential Gearhulk","KLD","1"
"Ulvenwald Captive // Ulvenwald Abomination","EMN","1"
"Glacial Wall","EMA","1"
"Entomb","EMA","1"
"Eerie Interlude","SOI","1"
"Open the Armory","SOI","1"
"Fortified Rampart","BFZ","1"
"Evolving Wilds","ORI","1"
"Orator of Ojutai","DTK","1"
"Elspeth, Sun's Champion","DDO","1"
"Jeskai Barricade","FRF","1"
"Vine Trellis","GVL","1"
"Brave the Sands","KTK","1"
"Wall of Essence","M15","1"
"Wall of Mulch","M15","1"
"Swan Song","THS","1"
"Sylvan Caryatid","THS","1"
"Basilica Guards","GTC","1"
"Doorkeeper","RTR","1"
"Hover Barrier","RTR","1"
"Axebane Guardian","RTR","1"
"Gatecreeper Vine","RTR","2"
"Havoc Festival","RTR","2"
"Steam Vents","RTR","1"
"Reliquary Tower","M13","1"
"Guard Gomazoa","PC2","1"
"Angelic Wall","AVR","1"
"Bar the Door","DKA","1"
"Fog Bank","CMD","1"
"Beast Within","NPH","1"
"Torpor Orb","NPH","1"
"Wall of Tanglecord","SOM","1"
"Blackcleave Cliffs","SOM","1"
"It That Betrays","ROE","1"
"Stalwart Shield-Bearers","ROE","1"
"Perimeter Captain","WWK","1"
"Hive Mind","M10","1"
"Plumeveil","SHM","1"
"Wooded Bastion","SHM","1"
"Boldwyr Heavyweights","MOR","1"
"Fabled Passage","PWPN","2"
"Drift of Phantasms","RAV","1"
"Freed from the Real","SOK","1"
"Kaijin of the Vanishing Touch","BOK","1"
"Time Stop","CHK","1"
"Kodama's Reach","CHK","2"
"Endless Whispers","5DN","1"
"Isochron Scepter","MRD","1"
"Lightning Greaves","MRD","1"
"Steel Wall","MRD","1"
"Phage the Untouchable","LGN","1"
"Wormfang Manta","JUD","1"
"Dawn of the Dead","TOR","1"
"Buried Alive","ODY","1"
"Sunscape Familiar","PLS","1"
"Angelic Shield","INV","1"
"Wave of Reckoning","MMQ","1"
"Spidersilk Armor","MMQ","1"
"Wall of Glare","UDS","1"
"Wall of Nets","EXO","1"
"Wall of Tears","STH","1"
"Marble Titan","TMP","1"
"Propaganda","TMP","1"
"Psychic Vortex","WTH","1"
"Retribution of the Meek","VIS","1"
"Desolation","VIS","1"
"Final Fortune","MIR","1"
"Lord of Tresserhorn","ALL","1"
"Shield Sphere","ALL","1"
"Wall of Kelp","HML","1"
"Mystic Remora","ICE","1"
"Wall of Ice","4ED","1"
"Meekstone","4ED","1"
"100 Dragon Shield Perfect Fit Sleeves - Clear",,"3"
"Destiny Spinner","WOC","1"
"Sol Ring","WOC","1"
"Talisman of Dominance","WOC","1"
"Swamp","WOE","6"
"Spellseeker","CMM","1"
"Feed the Swarm","CMM","1"
"Final Parting","CMM","2"
"Rune-Scarred Demon","CMM","1"
"Elvish Mystic","CMM","1"
"Fellwar Stone","CMM","1"
"Ash Barrens","CMM","1"
"Culling Ritual","DCMM","1"
"Faerie Mastermind","MOM","1"
"Noxious Revival","ONC","1"
"Arcane Signet","ONC","1"
"Armored Scrapgorger","ONE","1"
"Crop Rotation","DMR","1"
"Elvish Spirit Guide","DMR","1"
"Wild Growth","DMR","1"
"Enlightened Tutor","CDMR","1"
"Fauna Shaman","BRO","1"
"Rampant Growth","40K","1"
"Barren Moor","40K","1"
"Cut Down","DMU","1"
"Explore","DCM","1"
"Swamp","DMU","4"
"Bloom Tender","2X2","1"
"Grapple with the Past","2X2","1"
"Unearth","C2X2","1"
"Riveteers Overlook","SNC","1"
"Devoted Druid","SNCC","1"
"Tamiyo's Safekeeping","NEO","1"
"Turn the Earth","MID","1"
"Beast Within","AFC","1"
"Cabal Initiate","MH2","1"
"Zuran Orb","MH2","1"
"Baleful Mastery","STX","1"
"Rushed Rebirth","STX","1"
"Exotic Orchard","C21","2"
"Edge of Autumn","TSR","1"
"Preordain","CMR","2"
"Scholar of the Ages","CMR","1"
"Sphinx of the Second Sun","CMR","1"
"Fyndhorn Elves","CMR","1"
"Notion Thief","ZNC","1"
"Joraga Treespeaker","PLIST","1"
"Smokestack","PLIST","1"
"Twilight Mire","2XM","1"
"Duress","M21","1"
"Suffocating Fumes","IKO","1"
"Skull Prophet","IKO","1"
"Rhystic Study","MB1","1"
"Nylea's Intervention","THB","2"
"The Gitrog Monster","SLD","1"
"Eladamri's Call","MH1","1"
"Talisman of Resilience","MH1","1"
"Forest","WAR","6"
"Forest","WAR","4"
"Wild Mongrel","UMA","1"
"Mausoleum Secrets","GRN","1"
"Gaea's Blessing","DOM","2"
"Tranquil Thicket","DDU","1"
"Brainstorm","A25","1"
"Ulcerate","IMA","1"
"Nihil Spellbomb","C17","1"
"Sunscorched Desert","AKH","1"
"Noose Constrictor","EMN","1"
"Natural State","OGW","1"
"Sylvan Scrying","BFZ","1"
"Dark Petition","ORI","1"
"Caustic Caterpillar","ORI","1"
"Llanowar Wastes","M15","1"
"Nature's Claim","CNS","1"
"Slaughter Pact","MMA","1"
"Drown in Filth","DGM","1"
"Grisly Salvage","RTR","1"
"Jarad's Orders","RTR","1"
"Golgari Grave-Troll","DDJ","1"
"Arbor Elf","M13","1"
"Animate Dead","PD3","1"
"Snapcaster Mage","ISD","1"
"Ghost Quarter","ISD","1"
"Autumn's Veil","M11","1"
"Llanowar Elves","M11","1"
"Ponder","LRW","1"
"Oblivion Crown","FUT","1"
"Dakmor Salvage","FUT","1"
"Shred Memory","RAV","1"
"Stinkweed Imp","RAV","1"
"Elves of Deep Shadow","RAV","1"
"Golgari Brownscale","RAV","1"
"Grave-Shell Scarab","RAV","1"
"Cloudstone Curio","RAV","1"
"Golgari Signet","RAV","1"
"Goryo's Vengeance","BOK","1"
"Talisman of Indulgence","MRD","1"
"Putrid Imp","TOR","1"
"Cabal Pit","ODY","1"
"Harrow","INV","1"
"Hickory Woodlot","MMQ","1"
"Peat Bog","MMQ","1"
"Intruder Alarm","STH","1"
"Corpse Dance","TMP","1"
"Aluren","TMP","1"
"Ebony Charm","MIR","1"
"Dark Ritual","4ED","1"
"100 Dragon Shield Sleeves - Matte Black",,"1"
"The Pride of Hull Clade","MKM","1"
"Proft's Eidetic Memory","CMKM","1"
"Murmuring Mystic","RVR","1"
"Birds of Paradise","RVR","1"
"Spark Double","CRVR","1"
"Bident of Thassa","LCC","1"
"Kindred Discovery","LCC","1"
"Island","LCI","3"
"Swamp","LCI","2"
"Mountain","LCI","1"
"Forest","LCI","3"
"Cyber Conversion","WHO","1"
"Arcane Signet","WHO","1"
"Thought Vessel","WHO","1"
"Tenacious Tomeseeker","WOE","1"
"Keep Watch","WOC","1"
"Island","WOE","3"
"Azami, Lady of Scrolls","CMM","1"
"Loyal Drake","CMM","1"
"Finale of Devastation","CMM","1"
"Sapphire Medallion","CMM","1"
"Undergrowth Stadium","CMM","1"
"Titan of Littjara","CCMM","1"
"Delighted Halfling","LTR","1"
"Homeward Path","LTCR","1"
"Meeting of Minds","MOM","1"
"Transcendent Message","MOM","1"
"Perplexing Test","MOC","1"
"Reality Shift","MOC","1"
"Unctus, Grand Metatect","ONE","1"
"Island","ONE","1"
"Island","ONE","3"
"Swamp","ONE","2"
"Mountain","ONE","1"
"Forest","ONE","3"
"High Tide","DMR","1"
"Urza, Lord High Artificer","CDMR","1"
"Alandra, Sky Dreamer","J22","1"
"Deathrite Shaman","SLC30","1"
"Howling Mine","BRR","1"
"Teferi, Temporal Pilgrim","BRO","1"
"Diabolic Intent","BRO","1"
"Island","BRO","3"
"Sicarian Infiltrator","40K","1"
"The Golden Throne","40K","1"
"Island","UNF","2"
"Swamp","UNF","2"
"Island","UNF","2"
"Mountain","UNF","1"
"Forest","UNF","3"
"Myriad Landscape","40K","1"
"Defiler of Dreams","DMU","1"
"Mikokoro, Center of the Sea","DCM","1"
"Island","DMU","3"
"Ulamog, the Infinite Gyre","2X2","1"
"Consecrated Sphinx","2X2","1"
"Green Sun's Zenith","2X2","1"
"Maskwood Nexus","DCLB","1"
"Mutavault","DCLB","1"
"War Room","DCLB","1"
"Ledger Shredder","PSNC","1"
"Boseiju, Who Endures","NEO","1"
"Otawara, Soaring City","NEO","1"
"Island","NEO","3"
"Swamp","NEO","2"
"Mountain","NEO","1"
"Forest","NEO","4"
"March of Swirling Mist","CNEO","1"
"Ethereal Investigator","VOWCOMCOLL","1"
"Thirst for Discovery","VOW","1"
"Island","VOW","1"
"Island","VOW","1"
"Triskaidekaphile","MID","1"
"Island","MID","1"
"Illusion // Zombie","AFC","6"
"Phantom Steed","AFC","1"
"Hall of Storm Giants","AFR","1"
"Dress Down","MH2","1"
"Unmarked Grave","MH2","1"
"Grist, the Hunger Tide","MH2","1"
"Arid Mesa","MH2","1"
"Marsh Flats","MH2","1"
"Misty Rainforest","MH2","1"
"Scalding Tarn","MH2","1"
"Verdant Catacombs","MH2","1"
"Riptide Laboratory","MH2","1"
"Phantasmal Dreadmaw","CMH2","1"
"Dauthi Voidwalker","CMH2","1"
"Wandering Archaic // Explore the Vastlands","STX","1"
"Archmage Emeritus","STX","1"
"Ponder","C21","1"
"Sol Ring","C21","1"
"Summoner's Pact","TSR","1"
"Darkbore Pathway // Slitherbore Pathway","KHM","1"
"Meloku the Clouded Mirror","DCMR","1"
"Curiosity Crafter","PLIST","1"
"Chord of Calling","2XM","1"
"Island","P2XM","1"
"Sublime Epiphany","M21","1"
"Grim Tutor","M21","1"
"Teferi, Master of Time","M21","1"
"Teferi's Ageless Insight","CM21","1"
"Tidal Barracuda","C20","1"
"Ominous Seas","IKO","1"
"Nimble Obstructionist","C20","1"
"Lonely Sandbar","C20","1"
"Phyrexian Metamorph","MB1","1"
"Oakhame Adversary","ELD","1"
"Castle Vantress","ELD","1"
"Mystic Sanctuary","ELD","1"
"Veil of Summer","M20","1"
"Shared Summons","PM20","1"
"Archmage's Charm","MH1","1"
"Oneirophage","MH1","1"
"Collector Ouphe","MH1","1"
"Nurturing Peatland","MH1","1"
"Snow-Covered Swamp","MH1","1"
"Snow-Covered Forest","MH1","1"
"Jace, Wielder of Mysteries","WAR","1"
"Narset's Reversal","WAR","1"
"Emergence Zone","WAR","1"
"Phyrexian Altar","UMA","1"
"Assassin's Trophy","GRN","1"
"Overgrown Tomb","GRN","1"
"Temple Garden","GRN","1"
"Psychosis Crawler","C18","1"
"Psychic Corrosion","M19","1"
"Toothy, Imaginary Friend","BBD","1"
"Woodland Cemetery","DOM","1"
"Island","UST","1"
"Swamp","UST","2"
"Mountain","UST","1"
"Forest","UST","3"
"Unclaimed Territory","XLN","1"
"Read the Runes","C16","1"
"Blooming Marsh","KLD","1"
"Kami of the Crescent Moon","CN2","1"
"Blasted Landscape","C15","1"
"High Market","C15","1"
"Blighted Cataract","BFZ","1"
"Cryptic Command","MM2","1"
"Crystal Vein","C14","1"
"Bloodstained Mire","KTK","1"
"Flooded Strand","KTK","1"
"Polluted Delta","KTK","1"
"Windswept Heath","KTK","1"
"Wooded Foothills","KTK","1"
"Perilous Research","MMA","1"
"Life from the Loam","MMA","1"
"Academy Ruins","MMA","1"
"Breeding Pool","GTC","1"
"Godless Shrine","GTC","1"
"Sacred Foundry","GTC","1"
"Stomping Ground","GTC","1"
"Vandalblast","RTR","1"
"Abrupt Decay","RTR","1"
"Hallowed Fountain","RTR","1"
"Brainstorm","DDJ","1"
"Omniscience","M13","1"
"Lord of the Unreal","M12","1"
"Phantasmal Dragon","M12","1"
"Gitaxian Probe","NPH","1"
"Dismember","NPH","1"
"Barbed Battlegear","SOM","1"
"Eldrazi Monument","ZEN","1"
"Reliquary Tower","CON","1"
"Ad Nauseam","ALA","1"
"Krovikan Mist","CSP","1"
"Boreal Druid","CSP","1"
"Forbidden Orchard","CHK","1"
"Skullclamp","DST","1"
"Fabricate","MRD","1"
"Mind's Eye","MRD","1"
"Sylvan Safekeeper","JUD","1"
"Cabal Ritual","TOR","1"
"Careful Study","ODY","1"
"Cephalid Coliseum","ODY","1"
"Whirlpool Drake","APC","1"
"City of Brass","6ED","1"
"Barrin, Master Wizard","USG","1"
"Tolarian Winds","USG","1"
"Rain of Filth","USG","1"
"Priest of Titania","USG","1"
"Island","UGL","1"
"Culling the Weak","EXO","1"
"Lotus Petal","TMP","1"
"Abjure","WTH","1"
"Counterspell","5ED","1"
"Worldly Tutor","MIR","1"
"Lat-Nam's Legacy","ALL","1"
"Ashnod's Altar","CHR","1"
"Demonic Tutor","3ED","1"
"Giggling Skitterspike","CDSC","1"
"Beast Within","DSC","1"
"Bedevil","DSC","1"
"Come Back Wrong","DSK","1"
"Chaos Warp","DSC","1"
"Augur of Autumn","DSC","1"
"Ezuri's Predation","DSC","1"
"Multani, Yavimaya's Avatar","DSC","1"
"Shigeki, Jukai Visionary","DSC","1"
"Wilderness Reclamation","DSC","1"
"Wrenn and Seven","DSC","1"
"Rakdos Charm","DSC","1"
"Stormfist Crusader","DSC","1"
"Solemn Simulacrum","DSC","1"
"Talisman of Indulgence","DSC","1"
"Blazemire Verge","DSK","1"
"Bojuka Bog","DSC","1"
"Drownyard Temple","DSC","1"
"Forest","DSK","3"
"Graven Cairns","DSC","1"
"Shadowblood Ridge","DSC","1"
"Smoldering Marsh","DSC","1"
"Dawn's Truce","BLB","1"
"Rites of Flourishing","BLC","1"
"Kodama of the East Tree","BLC","1"
"Forest","BLB","1"
"Forest","BLB","1"
"Forest","BLB","1"
"Forest","BLB","1"
"Thran Dynamo","BLC","1"
"Fecund Greenshell","CBLB","1"
"Terminate","ACR","1"
"Forest","ACR","1"
"Forest","ACR","1"
"Alexios, Deimos of Kosmos","CACR","1"
"Black Market Connections","CACR","1"
"Copy","MH3","10"
""Commander: Modern Horizons 3 |""Tricky Terrain"" Commander Deck"","M3C","1"
"Brainsurge","MH3","1"
"Corrupted Shapeshifter","MH3","1"
"Malevolent Rumble","MH3","1"
"Akroma's Will","M3C","1"
"Six","MH3","1"
"Fell the Profane // Fell Mire","MH3","1"
"Ophiomancer","MH3","1"
"Cursed Mirror","MH3","2"
"Emerald Medallion","MH3","1"
"Forest","MH3","1"
"Tranquil Thicket","M3C","1"
"Flare of Cultivation","CMH3","1"
"Reanimate","OTP","1"
"Pest Infestation","OTP","1"
"Primal Command","OTP","1"
"Three Steps Ahead","OTJ","1"
"Archmage Emeritus","OTC","1"
"Windfall","OTC","2"
"Terror of the Peaks","OTJ","1"
"Humble Defector","OTC","1"
"Blackcleave Cliffs","OTC","1"
"Forest","OTJ","1"
"Smuggler's Surprise","COTJ","1"
"Nerd Rage","PIP","1"
"Canyon Slough","PIP","1"
"Forest","PIP","1"
"Forest","PIP","1"
"Black Market","CPIP","1"
"War Room","CPIP","1"
"Frenzied Gorespawn","CLU","1"
"Incriminating Impetus","CLU","1"
"Parasitic Impetus","CLU","1"
"Hot Pursuit","MKC","1"
"Prisoner's Dilemma","MKC","1"
"Barbed Servitor","MKM","1"
"Aftermath Analyst","MKM","1"
"Archdruid's Charm","MKM","1"
"Spectacular Showdown","MKC","1"
"Vengeful Ancestor","MKC","1"
"Vow of Lightning","MKC","1"
"Lifecrafter's Bestiary","MKC","1"
"Tome of Legends","MKC","1"
"Raucous Theater","MKM","1"
"Forest","MKM","1"
"Forest","REX","1"
"Seeker of Sunlight","LCI","1"
"Spelunking","LCI","1"
"Saheeli, the Sun's Brilliance","LCI","1"
"Wayward Swordtooth","LCC","1"
"Rammas Echor, Ancient Shield","LTCH","1"
"Minas Morgul, Dark Fortress","LTCH","1"
"Nanogene Conversion","WHO","1"
"Vislor Turlough","WHO","1"
"The Sound of Drums","WHO","1"
"Laser Screwdriver","WHO","1"
"Wound Reflection","WHO","1"
"Haunted Ridge","CWHO","1"
"Loamcrafter Faun","WOC","1"
"Throne of Eldraine","WOC","1"
"Oppression","WOT","1"
"Mana Flare","WOT","1"
"Nettling Nuisance","CWOC","1"
"Repercussion","WOT","1"
"Forest","WOE","1"
"Virtue of Strength // Garenbrig Growth","CWOE","1"
"Cyclonic Rift","CMM","1"
"Balefire Dragon","CMM","1"
"Kazuul, Tyrant of the Cliffs","CMM","1"
"Vandalblast","CMM","1"
"Fierce Empath","CMM","1"
"Krosan Tusker","CMM","1"
"Omnath, Locus of Mana","CMM","1"
"Song of the Dryads","CMM","1"
"Verdeloth the Ancient","CMM","1"
"Sword of the Animist","CMM","1"
"Myriad Landscape","CMM","1"
"Tooth and Nail","CCMM","1"
"Ghoulish Impetus","CCMM","1"
"Endless Atlas","DCMM","1"
"Cavern-Hoard Dragon","LTC","1"
"Treasure Nabber","LTC","1"
"Genesis Wave","LTC","1"
"Forest","LTR","2"
"Forest","LTR","2"
"Last March of the Ents","CLTR","1"
"Bitterthorn, Nissa's Animus","MOC","1"
"Invasion of Ikoria // Zilortha, Apex of Ikoria","MOM","1"
"Massacre Wurm","MOC","1"
"Forest","MOM","1"
"Forest","MOM","1"
"Soul of New Phyrexia","MOC","1"
"Red Sun's Twilight","ONE","1"
"Forest","ONE","1"
"Fa'adiyah Seer","DMR","1"
"Lull","DMR","1"
"Crawlspace","DMR","1"
"Slippery Karst","DMR","1"
"Mindslicer","CDMR","1"
"Worldgorger Dragon","CDMR","1"
"Kamahl, Fist of Krosa","CDMR","1"
"No Mercy","CDMR","1"
"Arcane Signet","SCD","1"
"Heraldic Banner","SCD","1"
"Nantuko Cultivator","J22","1"
"Ash Barrens","J22","1"
"Journeyer's Kite","BRR","1"
"Staff of Domination","BRR","1"
"Gix's Command","BRO","1"
"Awaken the Woods","BRO","1"
"Forest","BRO","1"
"Forest","BRO","1"
"Khï¿½rn the Betrayer","40K","1"
"Forest","UNF","1"
"Floriferous Vinewall","DMU","1"
"Threats Undetected","DMU","1"
"Seaside Citadel","DCM","1"
"Forest","DMU","1"
"Eternal Witness","PRM","1"
"Supernatural Stamina","2X2","1"
"Master of Cruelties","2X2","1"
"Ascend from Avernus","CLB","1"
"Descent into Avernus","CLB","1"
"Shiny Impetus","CLB","1"
"Wand of Wonder","CLB","1"
"Silvanus's Invoker","CLB","1"
"Mind Stone","CLB","1"
"Navigation Orb","CLB","1"
"Rasaad yn Bashir","CCLB","1"
"Taunting Kobold","CCLB","1"
"Decanter of Endless Water","CCLB","1"
"Bothersome Quasit","CCLB","1"
"Baeloth Barrityl, Entertainer","DCLB","1"
"Death Kiss","DCLB","1"
"Chasm Skulker","DCLB","1"
"Blasphemous Act","DCLB","1"
"Curse of Opulence","DCLB","1"
"Disrupt Decorum","DCLB","1"
"Geode Rager","DCLB","1"
"Goblin Spymaster","DCLB","1"
"Jeska's Will","DCLB","1"
"Bloodthirsty Blade","DCLB","1"
"Stuffy Doll","DCLB","1"
"Blighted Woodland","DCLB","1"
"Forest","SNC","1"
"Forest","SNC","1"
"Jin-Gitaxias, Progress Tyrant","NEO","1"
"March of Wretched Sorrow","NEO","1"
"Takenuma, Abandoned Mire","NEO","1"
"Sokenzan, Crucible of Defiance","CNEO","1"
"Undying Malice","VOW","1"
"Cultivator Colossus","PVOW","1"
"Forest","VOW","1"
"Forest","VOW","1"
"Dryad's Revival","MID","1"
"Forest","MID","1"
"Forest","MID","1"
"Karazikar, the Eye Tyrant","AFC","1"
"Feign Death","AFR","1"
"You Happen On a Glade","AFR","1"
"Dungeon Descent","AFR","1"
"Minn, Wily Illusionist","CAFC","1"
"Archon of Cruelty","MH2","1"
"Timeless Witness","MH2","1"
"Yavimaya Elder","MH2","1"
"Curse of Disturbance","C21","1"
"Verdant Mastery","STX","1"
"Opal Palace","C21","1"
"Rogue's Passage","C21","1"
"Tergrid, God of Fright // Tergrid's Lantern","KHM","1"
"Kardur, Doomscourge","KHM","1"
"Blightstep Pathway // Searstep Pathway","KHM","1"
"Sylvan Library","CC1","1"
"Kamahl, Heart of Krosa","CMR","1"
"Wildheart Invoker","CMR","1"
"Rings of Brighthearth","CMR","1"
"Thought Vessel","CMR","2"
"Guildless Commons","CMR","1"
"Luxury Suite","ZNE","1"
"Abundance","ZNC","1"
"Wizard Class","PLIST","1"
"Malakir Rebirth // Malakir Mire","ZNR","1"
"Valakut Awakening // Valakut Stoneforge","ZNR","1"
"Forest","ZNR","1"
"Forest","ZNR","1"
"Forest","ZNR","1"
"The Great Aurora","PLIST","1"
"Planar Portal","PLIST","1"
"Exploration","2XM","1"
"Gelatinous Genesis","2XM","1"
"Shamanic Revelation","2XM","1"
"Maze of Ith","2XM","1"
"Demonic Embrace","M21","1"
"Brash Taunter","M21","1"
"Azusa, Lost but Seeking","M21","1"
"Llanowar Visionary","M21","1"
"Reliquary Tower","PLGS","1"
"Agitator Ant","C20","1"
"Borderland Ranger","MB1","1"
"Arch of Orazca","MB1","1"
"Forest","UND","1"
"Return to Nature","THB","1"
"Kroxa, Titan of Death's Hunger","THB","1"
"Forest","THB","1"
"Druid of Purification","SLD","1"
"Xantcha, Sleeper Agent","SLD","1"
"Steelbane Hydra","TDELD","1"
"Kenrith's Transformation","PELD","1"
"Gift of Doom","C19","1"
"Pendant of Prosperity","C19","1"
"Armillary Sphere","C19","1"
"Shared Summons","M20","1"
"Voracious Hydra","M20","1"
"Wakeroot Elemental","M20","1"
"Cryptic Caves","M20","1"
"Regrowth","MH1","1"
"Wall of Blossoms","MH1","1"
"Winding Way","MH1","1"
"Massacre Girl","WAR","1"
"Nissa, Who Shakes the World","WAR","1"
"Nissa's Triumph","WAR","1"
"Biogenic Ooze","RNA","1"
"Regenesis","RNA","1"
"Captive Audience","RNA","1"
"District Guide","GRN","1"
"Varchild, Betrayer of Kjeldor","C18","1"
"Dryad Greenseeker","M19","1"
"Reclamation Sage","M19","1"
"Runic Armasaur","M19","1"
"Blasted Landscape","CM2","1"
"Phyrexian Scriptures","DOM","1"
"Swords to Plowshares","A25","1"
"Jadelight Ranger","RIX","1"
"Angrath, the Flame-Chained","RIX","1"
"Evolving Wilds","RIX","1"
"Thaumatic Compass // Spires of Orazca","XLN","1"
"Harmonize","C17","1"
"Uncage the Menagerie","HOU","1"
"Forest","HOU","1"
"Open into Wonder","AKH","1"
"Harsh Mentor","AKH","1"
"Shefet Monitor","AKH","1"
"Forest","AKH","1"
"Delirium Skeins","MM3","1"
"Sylvan Ranger","MM3","1"
"Walking Ballista","AER","1"
"Nissa, Vital Force","KLD","1"
"Wildest Dreams","KLD","1"
"Nissa, Voice of Zendikar","DDR","1"
"Burgeoning","CN2","1"
"Seasons Past","SOI","1"
"Wild-Field Scarecrow","SOI","1"
"Zendikar Resurgent","OGW","1"
"Forest","BFZ","1"
"Forest","BFZ","1"
"Forest","BFZ","1"
"Forest","BFZ","1"
"Forest","BFZ","1"
"Animist's Awakening","ORI","2"
"Evolutionary Leap","ORI","1"
"Nissa, Vastwood Seer // Nissa, Sage Animist","ORI","1"
"Nissa's Pilgrimage","ORI","1"
"Woodland Bellower","ORI","1"
"Dark Deal","FRF","1"
"Sudden Spoiling","C14","1"
"Rolling Earthquake","V14","1"
"Nissa, Worldwaker","M15","1"
"Ill-Gotten Gains","CNS","1"
"Dictate of the Twin Gods","PJOU","1"
"Courser of Kruphix","BNG","1"
"Swiftfoot Boots","C13","1"
"Thassa, God of the Sea","THS","1"
"Gray Merchant of Asphodel","THS","1"
"Whip of Erebos","THS","1"
"Bow of Nylea","THS","1"
"Polukranos, World Eater","THS","1"
"Into the Wilds","M14","1"
"Lay of the Land","M14","1"
"Ring of Three Wishes","M14","1"
"Sire of Insanity","DGM","1"
"Seek the Horizon","RTR","1"
"Sands of Delirium","M13","1"
"Lost in the Woods","DKA","1"
"Mulch","ISD","1"
"Sapseep Forest","DDH","1"
"Dragonskull Summit","M12","1"
"Triumph of the Hordes","NPH","1"
"Sheoldred, Whispering One","PNPH","1"
"Praetor's Counsel","MBS","1"
"Exsanguinate","SOM","1"
"Painful Quandary","SOM","1"
"Viridian Revel","SOM","1"
"Horizon Spellbomb","SOM","1"
"Sign in Blood","M11","1"
"Cultivate","M11","1"
"Realms Uncharted","ROE","1"
"Arbor Elf","WWK","1"
"Explore","WWK","1"
"Wolfbriar Elemental","WWK","1"
"Seer's Sundial","WWK","1"
"Walking Atlas","WWK","1"
"Blood Seeker","ZEN","1"
"Khalni Gem","ZEN","1"
"Forest","ZEN","1"
"Forest","ZEN","1"
"Forest","ZEN","1"
"Forest","ZEN","1"
"Ant Queen","M10","1"
"Elvish Visionary","M10","1"
"Fog","M10","1"
"Rampant Growth","M10","1"
"Spellbook","M10","1"
"Green Sun's Twilight","BAB","1"
"Jadelight Spelunker","BAB","1"
"Helix Pinnacle","EVE","1"
"Fists of the Demigod","SHM","1"
"Night's Whisper","PWPN","1"
"Colfenor's Urn","LRW","1"
"Sleeper Agent","10E","1"
"Citanul Flute","10E","1"
"Pyrohemia","PLC","1"
"Evolution Charm","PLC","1"
"Magus of the Library","PLC","1"
"Krosan Grip","TSP","1"
"Squall Line","TSP","1"
"Gauntlet of Power","TSP","1"
"Braid of Fire","CSP","1"
"Scrying Sheets","CSP","1"
"War's Toll","DIS","1"
"Pain Magnification","DIS","1"
"Hunted Horror","RAV","1"
"Civic Wayfinder","RAV","1"
"Early Harvest","9ED","1"
"Summer Bloom","9ED","1"
"Weird Harvest","9ED","1"
"Rending Vines","SOK","1"
"Sasaya, Orochi Ascendant // Sasaya's Essence","SOK","1"
"Scroll of Origins","SOK","1"
"Blessing of Leeches","BOK","1"
"Forest","UNH","1"
"Dosan the Falling Leaf","CHK","1"
"Orochi Hatchery","CHK","1"
"Shinka, the Bloodsoaked Keep","CHK","1"
"Rude Awakening","5DN","1"
"Goblin Cannon","5DN","1"
"Geth's Grimoire","DST","1"
"Necrogen Mists","MRD","1"
"Journey of Discovery","MRD","1"
"Extraplanar Lens","MRD","1"
"Tower of Fortunes","MRD","1"
"Vernal Bloom","8ED","1"
"Sprouting Vines","SCG","1"
"Syphon Mind","ONS","1"
"Words of Waste","ONS","1"
"Moment's Peace","ODY","1"
"Rites of Spring","ODY","1"
"Bedlam","7ED","1"
"Rowen","7ED","1"
"Elfhame Sanctuary","INV","1"
"Citadel of Pain","PCY","1"
"Rath's Edge","NEM","1"
"Terrain Generator","NEM","1"
"Soul Channeling","MMQ","1"
"Clear the Land","MMQ","1"
"Credit Voucher","MMQ","1"
"Aura Thief","UDS","1"
"Crop Rotation","ULG","1"
"Gaea's Bounty","USG","1"
"Noetic Scales","USG","1"
"Thran Turbine","USG","1"
"Forest","UGL","1"
"Manabond","EXO","1"
"Bottomless Pit","STH","1"
"Cannibalize","STH","1"
"Constant Mists","STH","1"
"Hermit Druid","STH","1"
"Heartstone","STH","1"
"Portcullis","STH","1"
"Scroll Rack","TMP","1"
"Natural Order","VIS","1"
"Jungle Basin","VIS","1"
"Ritual of Subdual","ICE","1"
"Glacial Chasm","ICE","1"
"Snow-Covered Swamp","ICE","2"
"Snow-Covered Mountain","ICE","2"
"Hurricane","3ED3","1"
"Rocket Launcher","3ED3","1"
"Pestilence","4ED","1"
"Killer Bees","4ED","1"
"Library of Leng","4ED","1"
"Gaea's Touch","DRK2","2"
"Book of Rass","DRK2","1"
"Basalt Monolith","3ED","1"
"100 Dragon Shield Sleeves - Matte Dual Orchid",,"1"
"Gamegenic Sidekick 100+ Deck Box",,"3"
